Player,Tm,Age,Pos,G,GS,Tgt,Rec,Ctch%,Yds,Y/R,TD,1D,Lng,Y/Tgt,R/G,Y/G,Fmb
Antonio Brown*+\BrowAn04,PIT,26,WR,16,16,181,129,71.30%,1698,13.2,13,87,63,9.4,8.1,106.1,2
Demaryius Thomas*\ThomDe03,DEN,27,WR,16,16,184,111,60.30%,1619,14.6,11,69,86,8.8,6.9,101.2,0
Julio Jones*\JoneJu02,ATL,25,WR,15,15,163,104,63.80%,1593,15.3,6,76,79,9.8,6.9,106.2,2
Matt Forte\FortMa00,CHI,29,RB,16,16,130,102,78.50%,808,7.9,4,28,56,6.2,6.4,50.5,2
Emmanuel Sanders*\SandEm00,DEN,27,WR,16,16,141,101,71.60%,1404,13.9,9,69,48,10,6.3,87.8,1
Golden Tate*\TateGo00,DET,26,WR,16,16,144,99,68.80%,1331,13.4,4,61,73,9.2,6.2,83.2,1
Jordy Nelson*\NelsJo00,GNB,29,WR,16,16,151,98,64.90%,1519,15.5,13,71,80,10.1,6.1,94.9,0
Julian Edelman\EdelJu00,NWE,28,WR,14,13,134,92,68.70%,972,10.6,4,50,69,7.3,6.6,69.4,5
Odell Beckham*\BeckOd00,NYG,22,WR,12,11,130,91,70.00%,1305,14.3,12,58,80,10,7.6,108.8,1
Randall Cobb*\CobbRa00,GNB,24,WR,16,16,127,91,71.70%,1287,14.1,12,71,70,10.1,5.7,80.4,4
Martellus Bennett*\BennMa00,CHI,27,TE,16,15,128,90,70.30%,916,10.2,6,43,37,7.2,5.6,57.3,0
Dez Bryant*+\BryaDe01,DAL,26,WR,16,16,136,88,64.70%,1320,15,16,60,68,9.7,5.5,82.5,1
Jimmy Graham*\GrahJi00,NOR,28,TE,16,13,125,85,68.00%,889,10.5,10,54,29,7.1,5.3,55.6,2
Alshon Jeffery\JeffAl00,CHI,24,WR,16,16,145,85,58.60%,1133,13.3,10,60,74,7.8,5.3,70.8,1
Andre Johnson\JohnAn02,HOU,33,WR,15,15,146,85,58.20%,936,11,3,50,35,6.4,5.7,62.4,3
Jeremy Maclin\MaclJe00,PHI,26,WR,16,16,143,85,59.40%,1318,15.5,10,56,72,9.2,5.3,82.4,0
Jarvis Landry\LandJa00,MIA,22,WR,16,11,112,84,75.00%,758,9,5,50,25,6.8,5.3,47.4,7
Greg Olsen*\OlseGr00,CAR,29,TE,16,16,123,84,68.30%,1008,12,6,55,38,8.2,5.3,63,1
Le'Veon Bell*+\BellLe00,PIT,22,RB,16,16,105,83,79.00%,854,10.3,3,41,48,8.1,5.2,53.4,0
Anquan Boldin\BoldAn00,SFO,34,WR,16,16,130,83,63.80%,1062,12.8,5,56,76,8.2,5.2,66.4,0
Rob Gronkowski*+\GronRo00,NWE,25,TE,15,10,131,82,62.60%,1124,13.7,12,60,46,8.6,5.5,74.9,0
T.Y. Hilton*\HiltT.00,IND,25,WR,15,15,131,82,62.60%,1345,16.4,7,64,73,10.3,5.5,89.7,3
Roddy White\WhitRo00,ATL,33,WR,14,14,125,80,64.00%,921,11.5,7,55,39,7.4,5.7,65.8,3
Steve Smith\SmitSt01,BAL,35,WR,16,16,134,79,59.00%,1065,13.5,6,45,80,7.9,4.9,66.6,1
Keenan Allen\AlleKe00,SDG,22,WR,14,14,121,77,63.60%,783,10.2,4,41,35,6.5,5.5,55.9,2
DeAndre Hopkins\HopkDe00,HOU,22,WR,16,16,127,76,59.80%,1210,15.9,6,57,76,9.5,4.8,75.6,2
Eric Decker\DeckEr00,NYJ,27,WR,15,15,115,74,64.30%,962,13,5,47,74,8.4,4.9,64.1,0
Brandon LaFell\LaFeBr00,NWE,28,WR,16,13,119,74,62.20%,953,12.9,7,50,56,8,4.6,59.6,1
Kelvin Benjamin\BenjKe00,CAR,23,WR,16,15,145,73,50.30%,1008,13.8,9,52,51,7,4.6,63,1
James Jones\JoneJa04,OAK,30,WR,16,10,112,73,65.20%,666,9.1,6,40,42,5.9,4.6,41.6,3
Calvin Johnson*\JohnCa00,DET,29,WR,13,13,128,71,55.50%,1077,15.2,8,59,67,8.4,5.5,82.8,0
Rueben Randle\RandRu00,NYG,23,WR,16,13,127,71,55.90%,938,13.2,3,48,49,7.4,4.4,58.6,0
Vincent Jackson\JackVi00,TAM,31,WR,16,16,142,70,49.30%,1002,14.3,2,50,50,7.1,4.4,62.6,1
Antonio Gates\GateAn00,SDG,34,TE,16,14,98,69,70.40%,821,11.9,12,44,34,8.4,4.3,51.3,1
A.J. Green*\GreeA.00,CIN,26,WR,13,13,117,69,59.00%,1041,15.1,6,46,81,8.9,5.3,80.1,3
Michael Crabtree\CrabMi00,SFO,27,WR,16,16,108,68,63.00%,698,10.3,4,35,51,6.5,4.3,43.6,0
Mike Evans\EvanMi00,TAM,21,WR,15,15,122,68,55.70%,1051,15.5,12,46,56,8.6,4.5,70.1,0
Pierre Garcon\GarcPi00,WAS,28,WR,16,14,105,68,64.80%,752,11.1,3,33,70,7.2,4.3,47,0
Travis Kelce\KelcTr00,KAN,25,TE,16,11,87,67,77.00%,862,12.9,5,46,34,9.9,4.2,53.9,4
Jordan Matthews\MattJo00,PHI,22,WR,16,10,103,67,65.00%,872,13,8,43,44,8.5,4.2,54.5,0
Mike Wallace\WallMi00,MIA,28,WR,16,16,115,67,58.30%,862,12.9,10,47,50,7.5,4.2,53.9,2
Doug Baldwin\BaldDo00,SEA,26,WR,16,16,98,66,67.30%,825,12.5,3,43,49,8.4,4.1,51.6,1
Fred Jackson\JackFr02,BUF,33,RB,14,9,90,66,73.30%,501,7.6,1,26,34,5.6,4.7,35.8,5
Heath Miller\MillHe00,PIT,32,TE,16,16,91,66,72.50%,761,11.5,3,43,49,8.4,4.1,47.6,2
Sammy Watkins\WatkSa00,BUF,21,WR,16,16,128,65,50.80%,982,15.1,6,48,84,7.7,4.1,61.4,1
Robert Woods\WoodRo02,BUF,22,WR,16,15,104,65,62.50%,699,10.8,5,35,37,6.7,4.1,43.7,1
Reggie Wayne\WaynRe00,IND,36,WR,15,15,116,64,55.20%,779,12.2,2,40,80,6.7,4.3,51.9,1
Jason Witten*\WittJa00,DAL,32,TE,16,16,90,64,71.10%,703,11,5,48,34,7.8,4,43.9,0
Larry Donnell\DonnLa00,NYG,26,TE,16,12,92,63,68.50%,623,9.9,6,36,32,6.8,3.9,38.9,4
Larry Fitzgerald\FitzLa00,ARI,31,WR,14,13,103,63,61.20%,784,12.4,2,39,80,7.6,4.5,56,1
Andrew Hawkins\HawkAn00,CLE,28,WR,15,15,112,63,56.30%,824,13.1,2,44,65,7.4,4.2,54.9,0
Kenny Stills\StilKe00,NOR,22,wr,15,7,83,63,75.90%,931,14.8,3,47,69,11.2,4.2,62.1,1
Delanie Walker\WalkHu00,TEN,30,TE,15,14,106,63,59.40%,890,14.1,4,34,68,8.4,4.2,59.3,2
Jermaine Gresham\GresJe00,CIN,26,TE,15,15,79,62,78.50%,460,7.4,5,24,23,5.8,4.1,30.7,3
Eddie Royal\RoyaEd00,SDG,28,WR,16,11,91,62,68.10%,778,12.5,7,39,47,8.5,3.9,48.6,1
Brandon Marshall\MarsBr00,CHI,30,WR,13,13,106,61,57.50%,721,11.8,8,41,47,6.8,4.7,55.5,1
Dwayne Bowe\BoweDw00,KAN,30,WR,15,15,95,60,63.20%,754,12.6,0,42,37,7.9,4,50.3,2
Marques Colston\ColsMa00,NOR,31,WR,16,13,100,59,59.00%,902,15.3,5,45,57,9,3.7,56.4,1
Greg Jennings\JennGr00,MIN,31,WR,16,13,92,59,64.10%,742,12.6,6,40,38,8.1,3.7,46.4,1
Charles Clay\ClayCh00,MIA,25,TE,14,14,84,58,69.00%,605,10.4,3,31,41,7.2,4.1,43.2,0
Zach Ertz\ErtzZa00,PHI,24,te,16,5,89,58,65.20%,702,12.1,3,42,35,7.9,3.6,43.9,1
Mychal Rivera\RiveMy00,OAK,24,TE,16,10,99,58,58.60%,534,9.2,4,29,33,5.4,3.6,33.4,3
DeMarco Murray*+\MurrDe00,DAL,26,RB,16,16,64,57,89.10%,416,7.3,0,17,34,6.5,3.6,26,6
Kendall Wright\WrigKe01,TEN,25,WR,14,11,93,57,61.30%,715,12.5,6,32,48,7.7,4.1,51.1,1
DeSean Jackson\JackDe00,WAS,28,WR,15,13,95,56,58.90%,1169,20.9,6,37,81,12.3,3.7,77.9,0
Mohamed Sanu\SanuMo00,CIN,25,WR,16,13,98,56,57.10%,790,14.1,5,38,76,8.1,3.5,49.4,0
Riley Cooper\CoopRi00,PHI,27,WR,16,16,95,55,57.90%,577,10.5,3,25,50,6.1,3.4,36.1,1
Brandin Cooks\CookBr00,NOR,21,wr,10,7,69,53,76.80%,550,10.4,3,25,50,8,5.3,55,1
Cecil Shorts\ShorCe00,JAX,27,WR,13,12,110,53,48.20%,557,10.5,1,27,53,5.1,4.1,42.8,1
Markus Wheaton\WheaMa00,PIT,23,WR,16,11,86,53,61.60%,644,12.2,2,34,47,7.5,3.3,40.3,0
Jared Cook\CookJa02,STL,27,te,16,6,99,52,52.50%,634,12.2,3,32,59,6.4,3.3,39.6,0
Malcom Floyd\FloyMa00,SDG,33,WR,16,16,92,52,56.50%,856,16.5,6,39,59,9.3,3.3,53.5,0
Shane Vereen\VereSh00,NWE,25,rb,16,6,77,52,67.50%,447,8.6,3,24,49,5.8,3.3,27.9,0
Harry Douglas\DougHa00,ATL,30,wr,12,6,74,51,68.90%,556,10.9,2,29,41,7.5,4.3,46.3,0
Coby Fleener\FleeCo00,IND,26,TE,16,12,92,51,55.40%,774,15.2,8,40,73,8.4,3.2,48.4,0
Percy Harvin\HarvPe00,2TM,26,,13,12,78,51,65.40%,483,9.5,1,0,45,6.2,3.9,37.2,3
Allen Hurns\HurnAl01,JAX,23,wr,16,8,97,51,52.60%,677,13.3,6,26,63,7,3.2,42.3,0
Jordan Reed\ReedJo02,WAS,24,te,11,2,65,50,76.90%,465,9.3,0,23,30,7.2,4.5,42.3,1
Torrey Smith\SmitTo02,BAL,25,WR,16,16,92,49,53.30%,767,15.7,11,38,53,8.3,3.1,47.9,0
Wes Welker\WelkWe00,DEN,33,WR,14,8,64,49,76.60%,464,9.5,2,24,39,7.3,3.5,33.1,0
Kenny Britt\BritKe00,STL,26,WR,16,13,84,48,57.10%,748,15.6,3,33,63,8.9,3,46.8,0
John Brown\BrowJo02,ARI,24,wr,16,5,102,48,47.10%,696,14.5,5,31,75,6.8,3,43.5,0
Jerricho Cotchery\CotcJe00,CAR,32,WR,15,13,78,48,61.50%,580,12.1,1,29,47,7.4,3.2,38.7,0
Owen Daniels\DaniOw00,BAL,32,TE,15,13,79,48,60.80%,527,11,4,32,39,6.7,3.2,35.1,0
Allen Robinson\RobiAl02,JAX,21,WR,10,8,81,48,59.30%,548,11.4,2,26,54,6.8,4.8,54.8,0
Miles Austin\AustMi00,CLE,30,WR,12,11,73,47,64.40%,568,12.1,2,34,31,7.8,3.9,47.3,0
Scott Chandler\ChanSc00,BUF,29,te,16,5,70,47,67.10%,497,10.6,3,28,37,7.1,2.9,31.1,0
Michael Floyd\FloyMi00,ARI,25,WR,16,14,99,47,47.50%,841,17.9,6,34,63,8.5,2.9,52.6,4
Andre Holmes\HolmAn00,OAK,26,WR,16,13,99,47,47.50%,693,14.7,4,32,77,7,2.9,43.3,0
Andre Ellington\ElliAn00,ARI,25,RB,12,12,64,46,71.90%,395,8.6,2,19,81,6.2,3.8,32.9,2
Benny Cunningham\CunnBe01,STL,24,rb,16,2,52,45,86.50%,352,7.8,1,21,19,6.8,2.8,22,2
Pierre Thomas\ThomPi00,NOR,30,rb,11,3,55,45,81.80%,378,8.4,1,19,39,6.9,4.1,34.4,0
Matt Asiata\AsiaMa00,MIN,27,fb/RB,15,9,63,44,69.80%,312,7.1,1,7,41,5,2.9,20.8,1
Justin Forsett*\ForsJu00,BAL,29,RB,16,14,59,44,74.60%,263,6,0,10,26,4.5,2.8,16.4,2
Giovani Bernard\BernGi00,CIN,23,RB,13,9,59,43,72.90%,349,8.1,2,14,46,5.9,3.3,26.8,0
Julius Thomas*\ThomJu00,DEN,26,TE,13,10,62,43,69.40%,489,11.4,12,30,35,7.9,3.3,37.6,1
Roy Helu\HeluRo00,WAS,26,,14,0,47,42,89.40%,477,11.4,2,16,55,10.1,3,34.1,2
Eddie Lacy\LacyEd00,GNB,24,RB,16,16,55,42,76.40%,427,10.2,4,18,67,7.8,2.6,26.7,3
Jarius Wright\WrigJa02,MIN,25,wr,16,7,62,42,67.70%,588,14,2,25,87,9.5,2.6,36.8,0
Chris Hogan\HogaCh00,BUF,27,wr,16,2,61,41,67.20%,426,10.4,4,20,31,7,2.6,26.6,2
Reggie Bush\BushRe00,DET,29,RB,11,9,56,40,71.40%,253,6.3,0,13,28,4.5,3.6,23,1
Jamaal Charles*\CharJa00,KAN,28,RB,15,15,59,40,67.80%,291,7.3,5,16,30,4.9,2.7,19.4,5
Darren Sproles*\SproDa00,PHI,31,,15,0,62,40,64.50%,387,9.7,0,18,57,6.2,2.7,25.8,4
Nate Washington\WashNa00,TEN,31,WR,16,11,72,40,55.60%,647,16.2,2,26,80,9,2.5,40.4,0
Brian Hartline\HartBr00,MIA,28,WR,16,16,63,39,61.90%,474,12.2,2,27,35,7.5,2.4,29.6,0
Niles Paul\PaulNi00,WAS,25,te/wr,16,7,52,39,75.00%,507,13,1,19,50,9.8,2.4,31.7,1
Davante Adams\AdamDa01,GNB,22,WR,16,11,66,38,57.60%,446,11.7,3,23,45,6.8,2.4,27.9,0
Jace Amaro\AmarJa00,NYJ,22,te/wr,14,4,53,38,71.70%,345,9.1,2,20,43,6.5,2.7,24.6,1
Ahmad Bradshaw\BradAh00,IND,28,rb,10,1,47,38,80.90%,300,7.9,6,20,22,6.4,3.8,30,3
Travaris Cadet\CadeTr00,NOR,25,rb,15,1,51,38,74.50%,296,7.8,1,15,31,5.8,2.5,19.7,2
Arian Foster*\FostAr00,HOU,28,RB,13,13,59,38,64.40%,327,8.6,5,15,56,5.5,2.9,25.2,2
Devin Hester*\HestDe99,ATL,32,wr,16,1,59,38,64.40%,504,13.3,2,22,46,8.5,2.4,31.5,2
Jermaine Kearse\KearJe01,SEA,24,WR,15,14,69,38,55.10%,537,14.1,1,21,60,7.8,2.5,35.8,0
Jeremy Kerley\KerlJe00,NYJ,26,wr,16,7,75,38,50.70%,409,10.8,1,21,33,5.5,2.4,25.6,1
Lamar Miller\MillLa01,MIA,23,RB,16,16,52,38,73.10%,275,7.2,1,10,20,5.3,2.4,17.2,3
Hakeem Nicks\NickHa01,IND,26,wr,16,6,68,38,55.90%,405,10.7,4,18,29,6,2.4,25.3,0
Cole Beasley\BeasCo00,DAL,25,wr,16,2,49,37,75.50%,420,11.4,4,26,45,8.6,2.3,26.3,2
Marqise Lee\LeexMa00,JAX,23,WR,13,8,69,37,53.60%,422,11.4,1,21,37,6.1,2.8,32.5,0
Marshawn Lynch*\LyncMa00,SEA,28,RB,16,14,48,37,77.10%,367,9.9,4,16,39,7.6,2.3,22.9,4
Marcel Reece*\ReecMa00,OAK,29,FB,15,15,59,37,62.70%,265,7.2,1,12,19,4.5,2.5,17.7,1
Terrance Williams\WillTe01,DAL,25,WR,16,16,66,37,56.10%,621,16.8,8,30,51,9.4,2.3,38.8,0
Taylor Gabriel\GabrTa00,CLE,23,wr,16,2,72,36,50.00%,621,17.3,1,26,70,8.6,2.3,38.8,0
Darren McFadden\McFaDa00,OAK,27,RB,16,12,56,36,64.30%,212,5.9,0,8,23,3.8,2.3,13.3,1
Branden Oliver\OlivBr01,SDG,23,rb,14,7,45,36,80.00%,271,7.5,1,11,50,6,2.6,19.4,0
Preston Parker\ParkPr00,NYG,27,wr,16,7,56,36,64.30%,418,11.6,2,26,42,7.5,2.3,26.1,2
Andre Roberts\RobeAn00,WAS,26,wr,16,4,73,36,49.30%,453,12.6,2,28,61,6.2,2.3,28.3,4
Steve Johnson\JohnSt00,SFO,28,wr,13,1,50,35,70.00%,435,12.4,3,24,32,8.7,2.7,33.5,0
C.J. Anderson*\AndeC.00,DEN,23,rb,15,7,44,34,77.30%,324,9.5,2,14,51,7.4,2.3,21.6,1
Jason Avant\AvanJa00,2TM,31,,16,0,62,34,54.80%,353,10.4,1,0,41,5.7,2.1,22.1,0
Joique Bell\BellJo01,DET,28,rb,15,6,53,34,64.20%,322,9.5,1,14,28,6.1,2.3,21.5,5
Theo Riddick\RiddTh00,DET,23,rb,14,2,50,34,68.00%,316,9.3,4,14,41,6.3,2.4,22.6,0
John Carlson\CarlJo00,ARI,30,rb/TE,16,12,55,33,60.00%,350,10.6,1,17,32,6.4,2.1,21.9,0
Cordarrelle Patterson\PattCo00,MIN,23,wr,16,7,67,33,49.30%,384,11.6,1,20,28,5.7,2.1,24,1
Bobby Rainey\RainBo00,TAM,27,rb,15,5,45,33,73.30%,315,9.5,1,13,34,7,2.2,21,3
Brent Celek\CeleBr00,PHI,29,TE,16,15,51,32,62.70%,340,10.6,1,16,37,6.7,2,21.3,1
Donte Moncrief\MoncDo00,IND,21,wr,16,2,49,32,65.30%,444,13.9,3,15,79,9.1,2,27.8,0
Tavon Austin\AustTa00,STL,24,WR,15,8,44,31,70.50%,242,7.8,0,12,28,5.5,2.1,16.1,5
Charles Johnson\JohnCh08,MIN,25,wr,12,6,59,31,52.50%,475,15.3,2,19,56,8.1,2.6,39.6,1
Damaris Johnson\JohnDa04,HOU,25,WR,16,8,49,31,63.30%,331,10.7,1,15,44,6.8,1.9,20.7,2
Louis Murphy\MurpLo00,TAM,27,wr,11,3,56,31,55.40%,380,12.3,2,14,54,6.8,2.8,34.5,1
Levine Toilolo\ToilLe00,ATL,23,TE,16,16,54,31,57.40%,238,7.7,2,15,20,4.4,1.9,14.9,1
Stedman Bailey\BailSt01,STL,24,wr,14,3,46,30,65.20%,435,14.5,1,19,38,9.5,2.1,31.1,0
Devonta Freeman\FreeDe00,ATL,22,,16,0,37,30,81.10%,225,7.5,1,8,36,6.1,1.9,14.1,1
Rashad Jennings\JennRa00,NYG,29,RB,11,9,41,30,73.20%,226,7.5,0,8,27,5.5,2.7,20.5,1
Dwayne Allen\AlleDw00,IND,24,fb/TE,13,13,50,29,58.00%,395,13.6,8,24,41,7.9,2.2,30.4,1
Donald Brown\BrowDo00,SDG,27,rb,13,3,41,29,70.70%,211,7.3,0,7,24,5.1,2.2,16.2,1
Brandon Gibson\GibsBr00,MIA,27,wr,14,5,51,29,56.90%,295,10.2,1,14,40,5.8,2.1,21.1,2
Mark Ingram*\IngrMa01,NOR,25,RB,13,9,36,29,80.60%,145,5,0,5,14,4,2.2,11.2,3
Andrew Quarless\QuarAn00,GNB,26,TE,16,11,46,29,63.00%,323,11.1,3,20,34,7,1.8,20.2,0
Paul Richardson\RichPa01,SEA,22,wr,15,6,44,29,65.90%,271,9.3,1,16,32,6.2,1.9,18.1,1
Jacquizz Rodgers\RodgJa00,ATL,24,rb,16,1,40,29,72.50%,173,6,1,9,14,4.3,1.8,10.8,1
Justin Hunter\HuntJu00,TEN,23,WR,12,8,67,28,41.80%,498,17.8,3,20,75,7.4,2.3,41.5,0
LeSean McCoy*\McCoLe01,PHI,26,RB,16,16,37,28,75.70%,155,5.5,0,10,18,4.2,1.8,9.7,4
Danny Amendola\AmenDa00,NWE,29,wr,16,4,42,27,64.30%,200,7.4,1,12,21,4.8,1.7,12.5,1
Jeremy Hill\HillJe01,CIN,22,RB,16,8,32,27,84.40%,215,8,0,7,38,6.7,1.7,13.4,5
Lance Kendricks\KendLa00,STL,26,TE/wr,16,14,38,27,71.10%,259,9.6,5,17,23,6.8,1.7,16.2,0
Jerick McKinnon\McKiJe00,MIN,22,rb,11,6,41,27,65.90%,135,5,0,7,17,3.3,2.5,12.3,0
Trent Richardson\RichTr00,IND,24,RB,15,12,34,27,79.40%,229,8.5,0,9,24,6.7,1.8,15.3,2
Martavis Bryant\BryaMa00,PIT,23,wr,10,3,48,26,54.20%,549,21.1,8,16,94,11.4,2.6,54.9,0
Vernon Davis\DaviVe00,SFO,30,TE,14,14,50,26,52.00%,245,9.4,2,11,29,4.9,1.9,17.5,0
Clay Harbor\HarbCl00,JAX,27,TE,13,8,35,26,74.30%,289,11.1,1,12,59,8.3,2,22.2,0
Dexter McCluster\McClDe00,TEN,25,rb,14,2,36,26,72.20%,197,7.6,1,10,25,5.5,1.9,14.1,1
Tim Wright\WrigTi01,NWE,24,te/wr,16,2,33,26,78.80%,259,10,6,18,30,7.8,1.6,16.2,0
Eric Ebron\EbroEr00,DET,21,te,13,7,47,25,53.20%,248,9.9,1,14,22,5.3,1.9,19.1,0
Anthony Fasano\FasaAn00,KAN,30,TE,15,13,36,25,69.40%,226,9,4,15,22,6.3,1.7,15.1,0
Brian Quick\QuicBr00,STL,25,wr,7,7,39,25,64.10%,375,15,3,20,51,9.6,3.6,53.6,0
Jonathan Stewart\StewJo00,CAR,27,RB,13,8,31,25,80.60%,181,7.2,1,7,22,5.8,1.9,13.9,3
Jordan Todman\TodmJo00,JAX,24,rb,16,1,37,25,67.60%,198,7.9,1,6,26,5.4,1.6,12.4,0
Kamar Aiken\AikeKa00,BAL,25,,16,0,32,24,75.00%,267,11.1,3,15,24,8.3,1.5,16.7,0
Marlon Brown\BrowMa00,BAL,23,wr,14,1,31,24,77.40%,255,10.6,0,16,22,8.2,1.7,18.2,0
Jordan Cameron\CameJo00,CLE,26,TE,10,9,48,24,50.00%,424,17.7,2,13,81,8.8,2.4,42.4,0
Josh Gordon\GordJo02,CLE,23,wr,5,5,47,24,51.10%,303,12.6,0,16,32,6.4,4.8,60.6,0
Chris Johnson\JohnCh04,NYJ,29,rb,16,6,34,24,70.60%,151,6.3,1,9,26,4.4,1.5,9.4,1
Jeremy Ross\RossJe01,DET,26,fb/WR,16,13,35,24,68.60%,314,13.1,1,15,59,9,1.5,19.6,5
Kyle Rudolph\RudoKy00,MIN,25,TE,9,8,34,24,70.60%,231,9.6,2,13,23,6.8,2.7,25.7,1
Dion Sims\SimsDi00,MIA,23,te/wr,14,2,36,24,66.70%,284,11.8,2,13,38,7.9,1.7,20.3,0
Victor Cruz\CruzVi00,NYG,28,wr,6,6,41,23,56.10%,337,14.7,1,13,61,8.2,3.8,56.2,0
Jeff Cumberland\CumbJe00,NYJ,27,TE,16,14,47,23,48.90%,247,10.7,3,12,28,5.3,1.4,15.4,0
Chase Ford\FordCh00,MIN,24,te,11,5,35,23,65.70%,258,11.2,1,15,22,7.4,2.1,23.5,0
Denard Robinson\RobiDe00,JAX,24,RB,13,9,31,23,74.20%,124,5.4,0,7,19,4,1.8,9.5,2
De'Anthony Thomas\ThomDe05,KAN,21,wr,12,3,31,23,74.20%,156,6.8,0,8,30,5,1.9,13,0
Jaron Brown\BrowJa03,ARI,24,wr,16,2,32,22,68.80%,229,10.4,2,14,26,7.2,1.4,14.3,1
Brandon Myers\MyerBr00,TAM,29,te/wr,14,6,32,22,68.80%,190,8.6,0,8,26,5.9,1.6,13.6,0
Leon Washington\WashLe00,TEN,32,,16,0,31,22,71.00%,159,7.2,2,8,25,5.1,1.4,9.9,3
Luke Willson\WillLu00,SEA,24,TE,15,10,40,22,55.00%,362,16.5,3,14,80,9.1,1.5,24.1,0
Corey Brown\BrowPh00,CAR,23,wr,13,3,36,21,58.30%,296,14.1,2,12,47,8.2,1.6,22.8,3
Brice Butler\ButlBr00,OAK,24,,15,0,35,21,60.00%,280,13.3,2,14,55,8,1.4,18.7,0
Dan Herron\HerrDa00,IND,25,rb,16,3,26,21,80.80%,173,8.2,0,7,26,6.7,1.3,10.8,4
Ronnie Hillman\HillRo00,DEN,23,rb,8,4,34,21,61.80%,139,6.6,1,7,16,4.1,2.6,17.4,1
Austin Seferian-Jenkins\SefeAu00,TAM,22,TE,9,9,38,21,55.30%,221,10.5,2,12,30,5.8,2.3,24.6,1
Kenbrell Thompkins\ThomKe02,2TM,26,,14,7,48,21,43.80%,262,12.5,0,0,50,5.5,1.5,18.7,0
Damien Williams\WillDa05,MIA,22,,16,0,27,21,77.80%,187,8.9,1,13,32,6.9,1.3,11.7,0
Toby Gerhart\GerhTo00,JAX,27,fb/rb,14,7,24,20,83.30%,186,9.3,0,10,26,7.8,1.4,13.3,1
Steven Jackson\JackSt00,ATL,31,RB,15,15,27,20,74.10%,148,7.4,0,6,17,5.5,1.3,9.9,0
Richard Rodgers\RodgRi00,GNB,22,te,16,5,30,20,66.70%,225,11.3,2,10,43,7.5,1.3,14.1,0
Ben Watson\WatsBe00,NOR,34,TE,16,8,31,20,64.50%,136,6.8,2,9,15,4.4,1.3,8.5,0
Rhett Ellison\ElliRh00,MIN,26,TE,16,13,26,19,73.10%,208,10.9,1,12,40,8,1.2,13,0
Ladarius Green\GreeLa00,SDG,24,te,14,4,25,19,76.00%,226,11.9,0,12,28,9,1.4,16.1,0
Derek Hagan\HagaDe00,TEN,30,wr,16,3,34,19,55.90%,254,13.4,1,10,38,7.5,1.2,15.9,0
Kyle Juszczyk\JuszKy00,BAL,23,FB,16,14,27,19,70.40%,182,9.6,1,6,33,6.7,1.2,11.4,3
Charles Sims\SimsCh00,TAM,24,,8,0,27,19,70.40%,190,10,0,7,24,7,2.4,23.8,2
C.J. Spiller\SpilC.00,BUF,27,rb,9,5,22,19,86.40%,125,6.6,1,7,25,5.7,2.1,13.9,3
Travis Benjamin\BenjTr00,CLE,25,,16,0,46,18,39.10%,314,17.4,3,14,43,6.8,1.1,19.6,2
Jack Doyle\DoylJa00,IND,24,te,16,1,22,18,81.80%,118,6.6,2,7,20,5.4,1.1,7.4,0
Lance Dunbar\DunbLa00,DAL,24,,16,0,22,18,81.80%,217,12.1,0,12,40,9.9,1.1,13.6,0
Garrett Graham\GrahGa00,HOU,28,TE,11,9,28,18,64.30%,197,10.9,1,10,26,7,1.6,17.9,0
Chris Ivory\IvorCh00,NYJ,26,RB,16,10,27,18,66.70%,123,6.8,1,4,23,4.6,1.1,7.7,2
Marcedes Lewis\LewiMa00,JAX,30,TE,8,8,31,18,58.10%,206,11.4,2,10,63,6.6,2.3,25.8,0
Bruce Miller\MillBr02,SFO,27,FB,16,8,25,18,72.00%,189,10.5,2,11,22,7.6,1.1,11.8,1
Bishop Sankey\SankBi00,TEN,22,RB,16,9,23,18,78.30%,133,7.4,0,5,18,5.8,1.1,8.3,2
Zac Stacy\StacZa00,STL,23,rb,13,5,23,18,78.30%,152,8.4,0,9,17,6.6,1.4,11.7,2
James Starks\StarJa00,GNB,28,,16,0,29,18,62.10%,140,7.8,0,6,28,4.8,1.1,8.8,1
Andre Williams\WillAn00,NYG,22,rb/wr,16,7,37,18,48.60%,130,7.2,0,6,24,3.5,1.1,8.1,1
Jim Dray\DrayJi00,CLE,28,TE,16,8,27,17,63.00%,242,14.2,1,12,31,9,1.1,15.1,0
Alfred Morris*\MorrAl00,WAS,26,RB,16,16,26,17,65.40%,155,9.1,0,8,26,6,1.1,9.7,2
Latavius Murray\MurrLa00,OAK,24,rb,15,3,23,17,73.90%,143,8.4,0,3,46,6.2,1.1,9.5,1
Brandon Tate\TateBr00,CIN,27,wr,16,4,26,17,65.40%,193,11.4,1,12,50,7.4,1.1,12.1,2
Nick Toon\ToonNi00,NOR,26,wr,8,2,23,17,73.90%,215,12.6,1,13,24,9.3,2.1,26.9,1
Marquess Wilson\WilsMa02,CHI,22,wr,7,6,32,17,53.10%,140,8.2,1,7,17,4.4,2.4,20,0
Bryce Brown\BrowBr02,BUF,23,rb,7,2,25,16,64.00%,176,11,0,8,40,7,2.3,25.1,1
Knile Davis\DaviKn00,KAN,23,rb,16,1,25,16,64.00%,147,9.2,1,6,70,5.9,1,9.2,4
Daniel Fells\FellDa00,NYG,31,TE,16,9,20,16,80.00%,188,11.8,4,12,27,9.4,1,11.8,1
Tre Mason\MasoTr00,STL,21,RB,12,9,26,16,61.50%,148,9.3,1,8,35,5.7,1.3,12.3,2
Dennis Pitta\PittDe00,BAL,29,te,3,3,21,16,76.20%,125,7.8,0,7,24,6,5.3,41.7,0
Dante Rosario\RosaDa00,CHI,30,fb/te,16,3,22,16,72.70%,116,7.3,0,3,22,5.3,1,7.3,1
Robert Turbin\TurbRo00,SEA,25,fb/rb,16,3,20,16,80.00%,186,11.6,2,9,34,9.3,1,11.6,1
Albert Wilson\WilsAl02,KAN,22,wr,12,2,28,16,57.10%,260,16.3,0,12,48,9.3,1.3,21.7,0
Donnie Avery\AverDo00,KAN,30,wr,6,3,26,15,57.70%,176,11.7,0,8,27,6.8,2.5,29.3,1
Alfred Blue\BlueAl00,HOU,23,rb,16,3,18,15,83.30%,113,7.5,1,7,22,6.3,0.9,7.1,0
Corey Fuller\FullCo00,DET,24,wr,16,2,31,14,45.20%,212,15.1,1,11,52,6.8,0.9,13.3,1
Ted Ginn\GinnTe00,ARI,29,,16,0,26,14,53.80%,190,13.6,0,9,27,7.3,0.9,11.9,3
Josh Hill\HillJo02,NOR,24,te,16,3,20,14,70.00%,176,12.6,5,9,37,8.8,0.9,11,0
Brandon Lloyd\LloyBr00,SFO,33,wr,14,3,35,14,40.00%,294,21,1,11,80,8.4,1,21,0
Lance Moore\MoorLa00,PIT,31,wr,14,2,26,14,53.80%,198,14.1,2,11,29,7.6,1,14.1,0
Jacob Tamme\TammJa00,DEN,29,,15,0,28,14,50.00%,109,7.8,2,4,26,3.9,0.9,7.3,1
Gary Barnidge\BarnGa01,CLE,29,te,13,2,25,13,52.00%,156,12,0,9,28,6.2,1,12,0
Brenton Bersin\BersBr00,CAR,24,wr,15,1,20,13,65.00%,151,11.6,1,11,29,7.6,0.9,10.1,3
Doug Martin\MartDo00,TAM,25,RB,11,11,20,13,65.00%,64,4.9,0,3,20,3.2,1.2,5.8,0
Logan Paulsen\PaulLo00,WAS,27,TE/wr,16,12,16,13,81.30%,78,6,1,2,16,4.9,0.8,4.9,1
Antone Smith\SmitAn01,ATL,29,,10,0,15,13,86.70%,222,17.1,3,5,74,14.8,1.3,22.2,1
Daniel Thomas\ThomDa03,MIA,27,,12,0,19,13,68.40%,121,9.3,0,8,25,6.4,1.1,10.1,1
Justin Brown\BrowJu00,PIT,23,wr,8,1,21,12,57.10%,94,7.8,0,4,18,4.5,1.5,11.8,1
Vincent Brown\BrowVi00,OAK,25,,7,0,21,12,57.10%,118,9.8,0,6,20,5.6,1.7,16.9,0
Cooper Helfet\HelfCo00,SEA,25,te,10,2,24,12,50.00%,185,15.4,2,9,36,7.7,1.2,18.5,0
Junior Hemingway\HemiJu00,KAN,26,wr,14,1,22,12,54.50%,108,9,0,8,17,4.9,0.9,7.7,0
Carlos Hyde\HydeCa00,SFO,24,,14,0,16,12,75.00%,68,5.7,0,4,16,4.3,0.9,4.9,1
Dontrelle Inman\InmaDo00,SDG,25,,7,0,17,12,70.60%,158,13.2,0,7,28,9.3,1.7,22.6,0
Rishard Matthews\MattRi00,MIA,25,,14,0,22,12,54.50%,135,11.3,2,9,23,6.1,0.9,9.6,1
Denarius Moore\MoorDe02,OAK,26,wr,10,2,27,12,44.40%,115,9.6,0,6,28,4.3,1.2,11.5,1
Austin Pettis\PettAu00,2TM,26,,9,0,17,12,70.60%,118,9.8,1,0,27,6.9,1.3,13.1,0
Mike Tolbert\TolbMi00,CAR,29,fb,8,6,17,12,70.60%,93,7.8,0,4,18,5.5,1.5,11.6,0
Chris Givens\GiveCh00,STL,25,,14,0,20,11,55.00%,159,14.5,1,5,47,8,0.8,11.4,0
Frank Gore\GoreFr00,SFO,31,RB,16,16,19,11,57.90%,111,10.1,1,2,55,5.8,0.7,6.9,2
Maurice Jones-Drew\DrewMa00,OAK,29,rb,12,1,16,11,68.80%,71,6.5,0,3,12,4.4,0.9,5.9,1
Ricardo Lockette\LockRi00,SEA,28,,16,0,15,11,73.30%,195,17.7,2,5,48,13,0.7,12.2,0
Bilal Powell\PoweBi00,NYJ,26,rb,15,1,15,11,73.30%,92,8.4,0,5,20,6.1,0.7,6.1,0
Stepfan Taylor\TaylSt00,ARI,23,rb,14,4,15,11,73.30%,79,7.2,3,5,18,5.3,0.8,5.6,0
Terrance West\WestTe00,CLE,23,rb,14,6,13,11,84.60%,64,5.8,1,3,11,4.9,0.8,4.6,2
Darrel Young\YounDa01,WAS,27,FB,16,10,14,11,78.60%,81,7.4,2,6,20,5.8,0.7,5.1,0
LeGarrette Blount\BlouLe00,2TM,28,,16,1,12,10,83.30%,54,5.4,0,0,13,4.5,0.6,3.4,1
Ed Dickson\DickEd00,CAR,27,fb/te/wr,16,10,17,10,58.80%,115,11.5,1,9,34,6.8,0.6,7.2,1
Crockett Gillmore\GillCr00,BAL,23,te,15,1,15,10,66.70%,121,12.1,1,8,22,8.1,0.7,8.1,0
Ryan Griffin\GrifRy00,HOU,24,te,16,2,16,10,62.50%,91,9.1,1,5,25,5.7,0.6,5.7,0
Ryan Hewitt\HewiRy00,CIN,23,fb/RB,16,11,15,10,66.70%,86,8.6,0,3,19,5.7,0.6,5.4,0
Peyton Hillis\HillPe00,NYG,28,,9,0,16,10,62.50%,87,8.7,0,2,26,5.4,1.1,9.7,0
Josh Morgan\MorgJo00,CHI,29,wr,14,7,19,10,52.60%,70,7,1,4,13,3.7,0.7,5,0
Santana Moss\MossSa00,WAS,35,,10,0,15,10,66.70%,116,11.6,0,6,19,7.7,1,11.6,0
Brandon Pettigrew\PettBr00,DET,29,TE,14,9,15,10,66.70%,70,7,0,4,13,4.7,0.7,5,0
Anthony Sherman\SherAn00,KAN,26,fb,16,6,14,10,71.40%,71,7.1,1,4,24,5.1,0.6,4.4,0
Eric Weems\WeemEr00,ATL,29,,16,0,11,10,90.90%,102,10.2,2,5,40,9.3,0.6,6.4,0
Montee Ball\BallMo00,DEN,24,rb,5,3,13,9,69.20%,62,6.9,0,2,16,4.8,1.8,12.4,1
Joe Banyard\BanyJo00,MIN,26,,15,0,11,9,81.80%,62,6.9,0,4,12,5.6,0.6,4.1,0
Derek Carrier\CarrDe00,SFO,24,te,11,1,14,9,64.30%,105,11.7,0,4,23,7.5,0.8,9.5,1
Isaiah Crowell\CrowIs00,CLE,21,rb,16,4,14,9,64.30%,87,9.7,0,4,19,6.2,0.6,5.4,3
Patrick DiMarco\DiMaPa00,ATL,25,fb,16,7,14,9,64.30%,62,6.9,1,4,16,4.4,0.6,3.9,0
Gavin Escobar\EscoGa00,DAL,23,te,16,1,13,9,69.20%,105,11.7,4,7,26,8.1,0.6,6.6,0
MarQueis Gray\GrayMa00,2TM,25,,13,5,11,9,81.80%,134,14.9,0,0,41,12.2,0.7,10.3,0
Rob Housler\HousRo01,ARI,26,te,15,7,17,9,52.90%,129,14.3,0,7,27,7.6,0.6,8.6,1
A.J. Jenkins\JenkA.00,KAN,25,wr,9,2,15,9,60.00%,93,10.3,0,5,27,6.2,1,10.3,1
Jacoby Jones\JoneJa03,BAL,30,,16,0,18,9,50.00%,131,14.6,0,6,31,7.3,0.6,8.2,4
Erik Lorig\LoriEr99,NOR,28,fb,10,6,10,9,90.00%,27,3,1,2,14,2.7,0.9,2.7,1
Ryan Mathews\MathRy00,SDG,27,rb,6,6,10,9,90.00%,69,7.7,0,4,16,6.9,1.5,11.5,1
Kevin Norwood\NorwKe00,SEA,25,wr,9,2,10,9,90.00%,102,11.3,0,5,31,10.2,1,11.3,0
Dane Sanzenbacher\SanzDa00,CIN,26,wr,10,1,15,9,60.00%,105,11.7,0,5,26,7,0.9,10.5,1
Rod Streater\StreRo00,OAK,26,wr,3,3,13,9,69.20%,84,9.3,1,5,17,6.5,3,28,0
Ben Tate\TateBe00,2TM,26,,11,6,12,9,75.00%,60,6.7,0,0,23,5,0.8,5.5,0
Anthony Dixon\DixoAn00,BUF,27,,16,0,9,8,88.90%,49,6.1,0,3,10,5.4,0.5,3.1,1
Cory Harkey\HarkCo00,STL,24,fb/TE,16,13,11,8,72.70%,55,6.9,1,5,21,5,0.5,3.4,0
Santonio Holmes\HolmSa00,CHI,30,wr,9,2,14,8,57.10%,67,8.4,0,6,15,4.8,0.9,7.4,1
Josh Huff\HuffJo00,PHI,23,,12,0,18,8,44.40%,98,12.3,0,4,44,5.4,0.7,8.2,1
Robert Hughes\HughRo00,ARI,25,fb/rb,16,4,12,8,66.70%,140,17.5,0,7,49,11.7,0.5,8.8,0
Tony Moeaki\MoeaTo00,SEA,27,te,6,2,13,8,61.50%,134,16.8,1,6,63,10.3,1.3,22.3,0
David Nelson\NelsDa01,NYJ,28,wr,6,5,16,8,50.00%,65,8.1,0,4,17,4.1,1.3,10.8,2
Silas Redd\ReddSi00,WAS,22,,15,0,10,8,80.00%,107,13.4,0,5,37,10.7,0.5,7.1,1
Khiry Robinson\RobiKh00,NOR,25,rb,10,3,11,8,72.70%,63,7.9,0,3,17,5.7,0.8,6.3,2
Greg Salas\SalaGr00,NYJ,26,wr,10,2,23,8,34.80%,167,20.9,0,6,51,7.3,0.8,16.7,0
Lorenzo Taliaferro\TaliLo00,BAL,23,,13,0,10,8,80.00%,114,14.3,0,4,29,11.4,0.6,8.8,1
Adam Thielen\ThieAd00,MIN,24,wr,16,2,13,8,61.50%,137,17.1,1,7,44,10.5,0.5,8.6,0
Mike Williams\WillMi04,BUF,27,,9,0,19,8,42.10%,142,17.8,1,3,80,7.5,0.9,15.8,0
Dri Archer\ArchDr00,PIT,23,,12,0,10,7,70.00%,23,3.3,0,0,15,2.3,0.6,1.9,0
Mike Brown\BrowMi00,JAX,25,wr,5,1,15,7,46.70%,88,12.6,0,5,17,5.9,1.4,17.6,1
Rex Burkhead\BurkRe00,CIN,24,,9,0,10,7,70.00%,49,7,0,3,15,4.9,0.8,5.4,0
Michael Campanaro\CampMi02,BAL,23,,4,0,9,7,77.80%,102,14.6,1,5,19,11.3,1.8,25.5,0
Chris Gragg\GragCh00,BUF,24,te/wr,10,5,10,7,70.00%,48,6.9,1,4,14,4.8,0.7,4.8,0
Ryan Grant\GranRy01,WAS,24,wr,16,2,15,7,46.70%,68,9.7,0,4,21,4.5,0.4,4.3,0
Marion Grice\GricMa00,ARI,23,,10,0,11,7,63.60%,29,4.1,0,3,15,2.6,0.7,2.9,0
Dwayne Harris\HarrDw00,DAL,27,,16,0,12,7,58.30%,116,16.6,0,2,56,9.7,0.4,7.3,4
Robert Meachem\MeacRo00,NOR,30,wr,11,2,20,7,35.00%,114,16.3,0,7,25,5.7,0.6,10.4,0
Lee Smith\SmitLe00,BUF,27,TE,14,10,8,7,87.50%,42,6,1,3,18,5.3,0.5,3,0
Luke Stocker\StocLu00,TAM,26,te/wr,13,7,11,7,63.60%,41,5.9,0,2,11,3.7,0.5,3.2,0
Will Ta'ufo'ou\TaufWi00,JAX,28,fb,16,4,8,7,87.50%,81,11.6,0,5,26,10.1,0.4,5.1,0
Chase Coffman\CoffCh00,TEN,28,te,13,3,14,6,42.90%,64,10.7,1,4,18,4.6,0.5,4.9,0
James Develin\DeveJa00,NWE,26,fb/rb,16,4,8,6,75.00%,43,7.2,0,3,13,5.4,0.4,2.7,1
Kris Durham\DurhKr00,TEN,26,,4,0,11,6,54.50%,54,9,0,2,14,4.9,1.5,13.5,0
Bruce Ellington\ElliBr00,SFO,23,,13,0,12,6,50.00%,62,10.3,2,5,20,5.2,0.5,4.8,1
Joseph Fauria\FaurJo00,DET,24,,7,0,12,6,50.00%,74,12.3,1,4,26,6.2,0.9,10.6,0
Virgil Green\GreeVi00,DEN,26,TE,13,9,6,6,100.00%,74,12.3,1,5,38,12.3,0.5,5.7,0
Jonathan Grimes\GrimJo01,HOU,25,,16,0,8,6,75.00%,86,14.3,0,4,31,10.8,0.4,5.4,0
Robert Herron\HerrRo00,TAM,22,,8,0,12,6,50.00%,58,9.7,1,3,16,4.8,0.8,7.3,0
Jerrel Jernigan\JernJe00,NYG,25,wr,2,1,9,6,66.70%,40,6.7,0,2,11,4.4,3,20,0
Will Johnson\JohnWi00,PIT,25,fb,16,5,9,6,66.70%,41,6.8,0,3,18,4.6,0.4,2.6,0
Brian Leonhardt\LeonBr01,OAK,24,te,12,3,8,6,75.00%,35,5.8,1,2,12,4.4,0.5,2.9,0
Greg Little\LittGr00,CIN,25,wr,6,1,12,6,50.00%,69,11.5,0,3,21,5.8,1,11.5,0
Keshawn Martin\MartKe01,HOU,24,,16,0,12,6,50.00%,78,13,0,3,32,6.5,0.4,4.9,0
Joe McKnight\McKnJo00,KAN,26,,2,0,7,6,85.70%,64,10.7,2,5,26,9.1,3,32,0
Zach Miller\MillZa01,SEA,29,te,3,3,7,6,85.70%,76,12.7,0,3,24,10.9,2,25.3,0
Chris Owusu\OwusCh00,2TM,24,,8,0,6,6,100.00%,78,13,1,0,36,13,0.8,9.8,0
Ace Sanders\SandAc00,JAX,23,,12,0,7,6,85.70%,55,9.2,0,1,24,7.9,0.5,4.6,2
Chris Thompson\ThomCh03,WAS,24,,2,0,7,6,85.70%,27,4.5,1,2,9,3.9,3,13.5,0
Zurlon Tipton\TiptZu01,IND,24,,6,0,6,6,100.00%,68,11.3,1,5,32,11.3,1,11.3,0
Bryan Walters\WaltBr00,SEA,27,,13,0,11,6,54.50%,57,9.5,0,3,17,5.2,0.5,4.4,0
Jackie Battle\BattJa00,TEN,31,fb,16,1,5,5,100.00%,28,5.6,0,2,12,5.6,0.3,1.8,0
Kevin Brock\BrocKe00,CIN,28,te,14,2,6,5,83.30%,21,4.2,0,2,10,3.5,0.4,1.5,0
Ronnie Brown\BrowRo05,2TM,33,,10,0,8,5,62.50%,44,8.8,0,0,24,5.5,0.5,4.4,0
Andre Caldwell\CaldAn00,DEN,29,wr,16,2,15,5,33.30%,47,9.4,0,4,15,3.1,0.3,2.9,0
Ka'Deem Carey\CareKa00,CHI,22,,14,0,6,5,83.30%,57,11.4,0,2,18,9.5,0.4,4.1,0
Jed Collins\CollJe01,DET,28,fb,16,2,6,5,83.30%,39,7.8,1,2,24,6.5,0.3,2.4,0
Orleans Darkwa\DarkOr00,2TM,22,,11,0,6,5,83.30%,48,9.6,0,0,17,8,0.5,4.4,0
Darren Fells\FellDa01,ARI,28,te,10,5,12,5,41.70%,71,14.2,0,4,24,5.9,0.5,7.1,0
Jeff Maehl\MaehJe00,PHI,25,,8,0,5,5,100.00%,46,9.2,0,1,15,9.2,0.6,5.8,0
Kevin Ogletree\OgleKe00,NYG,27,,7,0,9,5,55.60%,50,10,0,2,15,5.6,0.7,7.1,0
Jamize Olawale\OlawJa00,OAK,25,,16,0,6,5,83.30%,18,3.6,2,2,7,3,0.3,1.1,0
Darrin Reaves\ReavDa00,CAR,21,rb,6,1,8,5,62.50%,31,6.2,0,1,16,3.9,0.8,5.2,0
Adrien Robinson\RobiAd00,NYG,26,te,16,1,7,5,71.40%,50,10,1,3,29,7.1,0.3,3.1,0
Zach Sudfeld\SudfZa00,NYJ,25,fb/te,16,3,7,5,71.40%,85,17,0,3,38,12.1,0.3,5.3,0
Frank Summers\SummFr00,BUF,29,fb,10,6,8,5,62.50%,9,1.8,0,0,4,1.1,0.5,0.9,0
Brian Tyms\TymsBr00,NWE,25,wr,11,2,11,5,45.50%,82,16.4,1,3,43,7.5,0.5,7.5,0
Corey Washington\WashCo01,NYG,23,,14,0,8,5,62.50%,52,10.4,1,4,20,6.5,0.4,3.7,0
James White\WhitJa02,NWE,22,,3,0,5,5,100.00%,23,4.6,0,1,11,4.6,1.7,7.7,0
Fozzy Whittaker\WhitFo00,CAR,25,rb,10,1,6,5,83.30%,60,12,1,2,26,10,0.5,6,0
DeAngelo Williams\WillDe02,CAR,31,rb,6,6,6,5,83.30%,44,8.8,0,2,30,7.3,0.8,7.3,1
Danny Woodhead\WoodDa02,SDG,29,,3,0,6,5,83.30%,34,6.8,0,4,14,5.7,1.7,11.3,0
James Wright\WrigJa03,CIN,23,,11,0,16,5,31.30%,91,18.2,0,5,30,5.7,0.5,8.3,0
Seyi Ajirotutu\AjirSe00,SDG,27,wr,16,1,12,4,33.30%,45,11.3,0,4,17,3.8,0.3,2.8,0
C.J. Fiedorowicz\FiedC.00,HOU,23,TE,15,8,7,4,57.10%,28,7,1,1,9,4,0.3,1.9,0
Frankie Hammond\HammFr00,KAN,24,wr,16,3,11,4,36.40%,45,11.3,0,2,22,4.1,0.3,2.8,0
James Hanna\HannJa00,DAL,25,TE,16,12,6,4,66.70%,48,12,0,3,27,8,0.3,3,0
John Kuhn*+\KuhnJo00,GNB,32,fb,16,2,4,4,100.00%,23,5.8,0,0,9,5.8,0.3,1.4,0
Joe Morgan\MorgJo01,NOR,26,wr,5,2,10,4,40.00%,92,23,0,3,62,9.2,0.8,18.4,0
Joseph Randle\RandJo01,DAL,23,,16,0,5,4,80.00%,23,5.8,0,1,14,4.6,0.3,1.4,2
Stevan Ridley\RidlSt00,NWE,25,rb,6,5,5,4,80.00%,20,5,0,0,7,4,0.7,3.3,0
Russell Shepard\ShepRu00,TAM,24,,16,0,8,4,50.00%,63,15.8,0,3,23,7.9,0.3,3.9,0
Juwan Thompson\ThomJu01,DEN,22,,15,0,7,4,57.10%,25,6.3,0,0,14,3.6,0.3,1.7,1
Brandon Williams\WillBr04,CAR,27,,14,0,8,4,50.00%,44,11,0,4,16,5.5,0.3,3.1,0
Ray Agnew\AgneRa00,CLE,23,FB,12,9,9,3,33.30%,15,5,0,1,12,1.7,0.3,1.3,0
Jarrett Boykin\BoykJa00,GNB,25,wr,13,3,12,3,25.00%,23,7.7,0,1,11,1.9,0.2,1.8,0
James Casey\CaseJa00,PHI,30,te,16,2,3,3,100.00%,59,19.7,2,3,26,19.7,0.2,3.7,0
Aaron Dobson\DobsAa00,NWE,23,wr,4,1,5,3,60.00%,38,12.7,0,2,16,7.6,0.8,9.5,0
Tyler Eifert\EifeTy00,CIN,24,te,1,1,3,3,100.00%,37,12.3,0,2,20,12.3,3,37,0
T.J. Graham\GrahT.00,NYJ,25,,12,0,8,3,37.50%,87,29,1,2,67,10.9,0.3,7.3,0
Demetrius Harris\HarrDe03,KAN,23,te,8,3,5,3,60.00%,20,6.7,0,2,10,4,0.4,2.5,0
Darrius Heyward-Bey\HeywDa00,PIT,27,wr,16,1,5,3,60.00%,33,11,0,1,17,6.6,0.2,2.1,1
Michael Hoomanawanui\HoomMi00,NWE,26,TE,16,12,6,3,50.00%,44,14.7,0,2,23,7.3,0.2,2.8,0
Gator Hoskins\HoskHa00,2TM,23,,15,0,4,3,75.00%,21,7,0,0,14,5.3,0.2,1.4,0
Troy Niklas\NiklTr00,ARI,22,te,7,2,3,3,100.00%,38,12.7,0,2,17,12.7,0.4,5.4,0
Quinton Patton\PattQu00,SFO,24,,4,0,8,3,37.50%,44,14.7,0,1,35,5.5,0.8,11,1
Cedric Peerman\PeerCe00,CIN,28,,16,0,5,3,60.00%,27,9,0,1,17,5.4,0.2,1.7,1
Alfonso Smith\SmitAl22,SFO,27,,6,0,4,3,75.00%,11,3.7,0,0,5,2.8,0.5,1.8,0
Matt Spaeth\SpaeMa00,PIT,31,te/wr,15,8,4,3,75.00%,46,15.3,1,2,33,11.5,0.2,3.1,0
Phillip Supernaw\SupePh00,2TM,24,,8,1,3,3,100.00%,30,10,0,0,29,10,0.4,3.8,0
Fitzgerald Toussaint\TousFi00,BAL,24,,4,0,6,3,50.00%,27,9,0,1,15,4.5,0.8,6.8,0
J.J. Watt*+\WattJ.00,HOU,25,DE,16,16,3,3,100.00%,4,1.3,3,3,2,1.3,0.2,0.3,0
Trey Watts\WattTr00,STL,23,,14,0,4,3,75.00%,18,6,0,2,11,4.5,0.2,1.3,0
Antonio Andrews\AndrAn00,TEN,22,,4,0,2,2,100.00%,11,5.5,0,0,6,5.5,0.5,2.8,0
David Ausberry\AusbDa00,OAK,27,,6,0,4,2,50.00%,14,7,0,0,7,3.5,0.3,2.3,0
Tommy Bohanon\BohaTo00,NYJ,24,fb,4,2,2,2,100.00%,30,15,0,2,16,15,0.5,7.5,0
Brandon Bolden\BoldBr00,NWE,24,rb,16,2,6,2,33.30%,8,4,0,0,4,1.3,0.1,0.5,0
Brandon Bostick\BostBr00,GNB,25,,13,0,4,2,50.00%,3,1.5,1,1,2,0.8,0.2,0.2,0
Ryan Broyles\BroyRy00,DET,26,,5,0,5,2,40.00%,25,12.5,0,2,21,5,0.4,5,0
Garrett Celek\CeleGa00,SFO,26,te,3,1,2,2,100.00%,53,26.5,0,2,31,26.5,0.7,17.7,0
Derrick Coleman\ColeDe00,SEA,24,fb,5,1,2,2,100.00%,29,14.5,1,2,15,14.5,0.4,5.8,0
John Conner\ConnJo00,NYJ,27,fb,12,3,3,2,66.70%,35,17.5,1,2,26,11.7,0.2,2.9,0
Michael Cox\CoxxMi00,NYG,26,,4,0,3,2,66.70%,9,4.5,0,0,9,3,0.5,2.3,0
Jonathan Dwyer\DwyeJo00,ARI,25,,2,0,3,2,66.70%,8,4,0,0,5,2.7,1,4,0
Gabe Jackson\JackGa00,OAK,23,LG,13,12,2,2,100.00%,-5,-2.5,0,0,1,-2.5,0.2,-0.4,0
Nic Jacobs\JacoNi00,JAX,23,te,13,4,3,2,66.70%,16,8,1,2,14,5.3,0.2,1.2,0
Jeff Janis\JaniJe00,GNB,23,,3,0,2,2,100.00%,16,8,0,2,9,8,0.7,5.3,0
Austin Johnson\JohnAu00,NOR,25,fb,7,1,2,2,100.00%,15,7.5,1,2,13,7.5,0.3,2.1,0
Tavarres King\KingTa00,2TM,24,,2,0,3,2,66.70%,13,6.5,0,0,7,4.3,1,6.5,0
Cody Latimer\LatiCo00,DEN,22,,8,0,4,2,50.00%,23,11.5,0,1,14,5.8,0.3,2.9,0
Vance McDonald\McDoVa00,SFO,24,te,8,4,8,2,25.00%,30,15,0,0,21,3.8,0.3,3.8,1
Bear Pascoe\PascBe00,ATL,28,te,16,2,2,2,100.00%,3,1.5,1,1,2,1.5,0.1,0.2,0
Adrian Peterson\PeteAd01,MIN,29,rb,1,1,3,2,66.70%,18,9,0,1,9,6,2,18,0
Bernard Pierce\PierBe00,BAL,23,rb,13,2,6,2,33.30%,13,6.5,0,0,7,2.2,0.2,1,1
Chris Polk\PolkCh00,PHI,25,,14,0,3,2,66.70%,16,8,0,1,15,5.3,0.1,1.1,1
Craig Stevens\StevCr00,TEN,30,te,5,4,2,2,100.00%,26,13,0,1,20,13,0.4,5.2,0
Devin Street\StreDe00,DAL,23,,16,0,7,2,28.60%,18,9,0,1,9,2.6,0.1,1.1,0
Taylor Thompson\ThomTa00,TEN,25,te,3,1,4,2,50.00%,24,12,0,2,13,6,0.7,8,0
Griff Whalen\WhalGr00,IND,24,,10,0,3,2,66.70%,23,11.5,0,2,18,7.7,0.2,2.3,2
Kerwynn Williams\WillKe05,ARI,23,,5,0,6,2,33.30%,11,5.5,0,0,6,1.8,0.4,2.2,1
Isa Abdul-Quddus\AbduIs00,DET,25,db/ss,16,4,1,1,100.00%,3,3,0,0,3,3,0.1,0.2,0
Khalif Barnes\BarnKh20,OAK,32,lg/RT/t,14,13,1,1,100.00%,1,1,0,0,1,1,0.1,0.1,1
Antwon Blake\BlakAn00,PIT,24,lcb,16,1,1,1,100.00%,25,25,0,1,25,25,0.1,1.6,0
Cameron Brate\BratCa00,TAM,23,te,5,1,1,1,100.00%,17,17,0,1,17,17,0.2,3.4,0
Drew Brees*\BreeDr00,NOR,35,QB,16,16,1,1,100.00%,1,1,0,0,1,1,0.1,0.1,7
Anthony Castonzo\CastAn00,IND,26,LT,16,16,1,1,100.00%,1,1,1,1,1,1,0.1,0.1,0
Tyler Clutts\ClutTy00,DAL,30,fb,16,1,1,1,100.00%,1,1,0,0,1,1,0.1,0.1,0
Josh Cribbs\CribJo01,IND,31,,6,0,1,1,100.00%,8,8,0,0,8,8,0.2,1.3,3
Andy Dalton*\DaltAn00,CIN,27,QB,16,16,1,1,100.00%,18,18,1,1,18,18,0.1,1.1,4
Kevin Dorsey\DorsKe01,GNB,24,,3,0,2,1,50.00%,4,4,0,0,4,2,0.3,1.3,0
Marquise Goodwin\GoodMa00,BUF,24,,10,0,9,1,11.10%,42,42,0,1,42,4.7,0.1,4.2,1
Jonas Gray\GrayJo00,NWE,24,rb,8,3,3,1,33.30%,7,7,0,0,7,2.3,0.1,0.9,0
Shonn Greene\GreeSh00,TEN,29,rb,13,5,3,1,33.30%,13,13,0,1,13,4.3,0.1,1,1
DuJuan Harris\HarrDu01,GNB,26,,15,0,2,1,50.00%,11,11,0,1,11,5.5,0.1,0.7,0
Shaun Hill\HillSh00,STL,34,QB,9,8,1,1,100.00%,0,0,0,0,0,0,0.1,0,7
Mike James\JameMi00,TAM,23,,11,0,1,1,100.00%,-5,-5,0,0,-5,-5,0.1,-0.5,0
Marcel Jensen\JensMa01,JAX,24,,1,0,1,1,100.00%,8,8,0,0,8,8,1,8,0
David Johnson\JohnDa05,SDG,27,,14,2,,1,0.00%,4,4,0,0,4,,0.1,0.3,0
Storm Johnson\JohnSt03,JAX,22,rb,6,1,1,1,100.00%,-4,-4,0,0,-4,-4,0.2,-0.7,0
Karl Klug\KlugKa00,TEN,26,,16,0,1,1,100.00%,9,9,0,1,9,9,0.1,0.6,0
Jorvorskie Lane\LaneJo00,TAM,27,fb,9,4,1,1,100.00%,3,3,0,0,3,3,0.1,0.3,0
Brian Leonard\LeonBr00,NOR,30,,1,0,1,1,100.00%,15,15,0,1,15,15,1,15,0
Christine Michael\MichCh00,SEA,24,,10,0,2,1,50.00%,12,12,0,0,12,6,0.1,1.2,1
Knowshon Moreno\MoreKn00,MIA,27,,3,0,1,1,100.00%,8,8,0,0,8,8,0.3,2.7,0
Michael Palmer\PalmMi00,PIT,26,te,15,1,2,1,50.00%,1,1,1,1,1,0.5,0.1,0.1,0
Donald Penn\PennDo20,OAK,31,LT,16,16,1,1,100.00%,3,3,1,1,3,3,0.1,0.2,0
Senorise Perry\PerrSe00,CHI,23,,16,0,1,1,100.00%,-1,-1,0,0,-1,-1,0.1,-0.1,0
John Phillips\PhilJo00,SDG,27,te,16,1,1,1,100.00%,1,1,1,1,1,1,0.1,0.1,0
DeVier Posey\PoseDe00,HOU,24,wr,1,1,1,1,100.00%,30,30,0,1,30,30,1,30,0
Maurkice Pouncey*+\PounMa20,PIT,25,C,16,16,1,1,100.00%,0,0,0,0,0,0,0.1,0,0
Jay Prosch\ProsJa00,HOU,22,fb,16,5,4,1,25.00%,24,24,0,1,24,6,0.1,1.5,0
Aldrick Robinson\RobiAl00,2TM,26,,7,0,,1,0.00%,6,6,0,0,6,,0.1,0.9,0
Courtney Roby\RobyCo00,ATL,31,,4,0,2,1,50.00%,11,11,0,1,11,5.5,0.3,2.8,0
Jalen Saunders\SaunJa00,4TM,22,,15,0,1,1,100.00%,7,7,0,0,7,7,0.1,0.5,2
Brian Schwenke\SchwBr00,TEN,23,C,11,11,1,1,100.00%,6,6,0,0,6,6,0.1,0.5,1
Brad Smith\SmitBr01,PHI,31,,13,0,3,1,33.30%,11,11,0,1,11,3.7,0.1,0.8,0
Micheal Spurlock\SpurMi00,CHI,31,,1,0,3,1,33.30%,8,8,0,0,8,2.7,1,8,0
Ryan Tannehill\TannRy00,MIA,26,QB,16,16,1,1,100.00%,-4,-4,0,0,0,-4,0.1,-0.3,10
Will Tukuafu\TukuWi00,SEA,30,fb,9,2,2,1,50.00%,4,4,0,1,4,2,0.1,0.4,0
Joe Webb\WebbJo00,CAR,28,,7,0,3,1,33.30%,16,16,0,1,16,5.3,0.1,2.3,0
Damian Williams\WillDa04,2TM,26,,3,0,1,1,100.00%,14,14,0,0,14,14,0.3,4.7,0
Russell Wilson\WilsRu00,SEA,26,QB,16,16,1,1,100.00%,17,17,0,1,17,17,0.1,1.1,13